{"cameraMode":{"drawMode":0,"name":"Shaded","section":"Shading Mode"},"sceneLighting":true,"audioPlay":false,"sceneViewState":{"showFog":true,"showMaterialUpdate":false,"showSkybox":true,"showFlares":true,"showImageEffects":true,"showParticleSystems":true,"showVisualEffectGraphs":true,"m_FxEnabled":true},"in2DMode":false,"pivot":{"x":855.8880615234375,"y":91.26296997070313,"z":-1197.679443359375},"rotation":{"x":0.0016737637342885137,"y":0.9896283745765686,"z":0.011569876223802567,"w":-0.14319519698619843},"size":111.30975341796875,"orthographic":false}