{"cameraCoordinates":{"x":89.09132385253906,"y":12.407575607299805,"z":-180.43032836914063},"cameraRotation":{"x":0.029979942366480829,"y":-0.22721360623836518,"z":0.006998310796916485,"w":0.9733582139015198},"title":"wadawd","text":"awdawda","colours":[{"r":0.27450981736183169,"g":0.9411764740943909,"b":0.9411764740943909,"a":1.0},{"r":0.501960813999176,"g":1.0,"b":0.0,"a":1.0},{"r":0.9019607901573181,"g":0.6980392336845398,"b":1.0,"a":1.0},{"r":0.9882352948188782,"g":0.8313725590705872,"b":0.0,"a":1.0}],"screenDimensions":{"x":628.0,"y":353.0},"annotationPosition":{"x":287.1867980957031,"y":155.74139404296876,"z":0.0},"planeNormal":{"x":0.0,"y":1.0,"z":0.0},"planePosition":{"x":50.0,"y":231.0,"z":0.0}}