{"cameraCoordinates":{"x":-55.938438415527347,"y":32.62445831298828,"z":-190.92630004882813},"cameraRotation":{"x":0.08035516738891602,"y":0.14155352115631104,"z":-0.011528988368809224,"w":0.9865965247154236},"title":"xdvsdfv","text":"sdfsdfsdfsdf","colours":[{"r":0.27450981736183169,"g":0.9411764740943909,"b":0.9411764740943909,"a":1.0},{"r":0.501960813999176,"g":1.0,"b":0.0,"a":1.0},{"r":0.9019607901573181,"g":0.6980392336845398,"b":1.0,"a":1.0},{"r":0.9882352948188782,"g":0.8313725590705872,"b":0.0,"a":1.0}],"screenDimensions":{"x":517.0,"y":291.0},"annotationPosition":{"x":199.5,"y":192.5,"z":0.0},"planeNormal":{"x":0.0,"y":1.0,"z":0.0},"planePosition":{"x":0.0,"y":212.81201171875,"z":0.0}}