{"cameraCoordinates":{"x":99.38811492919922,"y":-15.101333618164063,"z":-174.7577362060547},"cameraRotation":{"x":0.03623257577419281,"y":0.25550007820129397,"z":0.009582486003637314,"w":-0.9660823345184326},"title":"Annotation #1","text":"enter...","colours":[{"r":0.27450981736183169,"g":0.9411764740943909,"b":0.9411764740943909,"a":1.0},{"r":0.501960813999176,"g":1.0,"b":0.0,"a":1.0},{"r":0.9019607901573181,"g":0.6980392336845398,"b":1.0,"a":1.0},{"r":0.9882352948188782,"g":0.8313725590705872,"b":0.0,"a":1.0}],"screenDimensions":{"x":311.0,"y":175.0},"annotationPosition":{"x":161.5,"y":124.50001525878906,"z":0.0},"planeNormal":{"x":0.0,"y":1.0,"z":0.0},"planePosition":{"x":0.0,"y":212.81201171875,"z":0.0}}