{"cameraCoordinates":{"x":-5.193599700927734,"y":94.40873718261719,"z":-34.45649719238281},"cameraRotation":{"x":-0.6413043737411499,"y":-0.05722811818122864,"z":0.04806024208664894,"w":-0.7636386156082153},"title":"awdawdawd","text":"awdawdawdawd","colours":[{"r":0.27450981736183169,"g":0.9411764740943909,"b":0.9411764740943909,"a":1.0},{"r":0.501960813999176,"g":1.0,"b":0.0,"a":1.0},{"r":0.9019607901573181,"g":0.6980392336845398,"b":1.0,"a":1.0},{"r":0.9882352948188782,"g":0.8313725590705872,"b":0.0,"a":1.0}],"screenDimensions":{"x":756.0,"y":425.0},"annotationPosition":{"x":343.0,"y":293.5,"z":0.0},"planeNormal":{"x":0.0,"y":1.0,"z":0.0},"planePosition":{"x":0.0,"y":-19.150270462036134,"z":0.0}}