{"cameraCoordinates":{"x":94.23981475830078,"y":103.36164855957031,"z":145.19485473632813},"cameraRotation":{"x":0.0754924938082695,"y":-0.9243324995040894,"z":0.25497424602508547,"w":0.27367591857910159},"title":"Cha cha cha","text":"Helo","colours":[{"r":0.27450981736183169,"g":0.9411764740943909,"b":0.9411764740943909,"a":1.0},{"r":0.501960813999176,"g":1.0,"b":0.0,"a":1.0},{"r":0.9019607901573181,"g":0.6980392336845398,"b":1.0,"a":1.0},{"r":0.9882352948188782,"g":0.8313725590705872,"b":0.0,"a":1.0}],"screenDimensions":{"x":633.0,"y":356.0},"annotationPosition":{"x":387.5,"y":163.0,"z":0.0},"planeNormal":{"x":0.0,"y":1.0,"z":0.0},"planePosition":{"x":50.0,"y":231.0,"z":0.0}}