{"cameraCoordinates":{"x":169.19569396972657,"y":93.43022918701172,"z":-514.9210205078125},"cameraRotation":{"x":0.08417131751775742,"y":-0.15749655663967133,"z":0.013474526815116406,"w":0.9838335514068604},"title":"Helo","text":"Yes","colours":[{"r":0.27450981736183169,"g":0.9411764740943909,"b":0.9411764740943909,"a":1.0},{"r":0.501960813999176,"g":1.0,"b":0.0,"a":1.0},{"r":0.9019607901573181,"g":0.6980392336845398,"b":1.0,"a":1.0},{"r":0.9882352948188782,"g":0.8313725590705872,"b":0.0,"a":1.0}],"annotationPosition":{"x":411.5,"y":252.0,"z":0.0},"planeNormal":{"x":0.0,"y":1.0,"z":0.0},"planePosition":{"x":0.0,"y":100.0,"z":0.0}}