{"cameraCoordinates":{"x":131.14736938476563,"y":87.50147247314453,"z":-125.6589584350586},"cameraRotation":{"x":0.20472635328769685,"y":-0.3826844096183777,"z":0.08737453073263169,"w":0.89666348695755},"title":"qwqwe","text":"qweqweqe","colours":[{"r":0.27450981736183169,"g":0.9411764740943909,"b":0.9411764740943909,"a":1.0},{"r":0.501960813999176,"g":1.0,"b":0.0,"a":1.0},{"r":0.9019607901573181,"g":0.6980392336845398,"b":1.0,"a":1.0},{"r":0.9882352948188782,"g":0.8313725590705872,"b":0.0,"a":1.0}],"screenDimensions":{"x":613.0,"y":345.0},"annotationPosition":{"x":356.6666564941406,"y":150.87644958496095,"z":0.0},"planeNormal":{"x":0.0,"y":1.0,"z":0.0},"planePosition":{"x":50.0,"y":231.0,"z":0.0}}