{"cameraCoordinates":{"x":-545.972900390625,"y":281.7520751953125,"z":327.70916748046877},"cameraRotation":{"x":0.9391909241676331,"y":-0.06036718934774399,"z":0.2534365952014923,"w":0.22371001541614533},"title":"SchLAM DUNK","text":"AWEDAWEFWF","colours":[{"r":0.27450981736183169,"g":0.9411764740943909,"b":0.9411764740943909,"a":1.0},{"r":0.501960813999176,"g":1.0,"b":0.0,"a":1.0},{"r":0.9019607901573181,"g":0.6980392336845398,"b":1.0,"a":1.0},{"r":0.9882352948188782,"g":0.8313725590705872,"b":0.0,"a":1.0}],"screenDimensions":{"x":626.0,"y":352.0},"annotationPosition":{"x":469.99993896484377,"y":176.0,"z":0.0},"planeNormal":{"x":0.0,"y":1.0,"z":0.0},"planePosition":{"x":0.0,"y":212.81201171875,"z":0.0}}